14750,"Acadia TESOL Academy",,,,x,,http://www.oneworld365.org/company/acadia-tesol-academy
7612,"Active Assistance",,x,,,,http://www.oneworld365.org/company/active-assistance
5509,Afreco,x,,x,,,http://www.oneworld365.org/company/afreco
14730,"African Conservation Experience",x,,x,,,http://www.oneworld365.org/company/african-conservation-experience
14413,"Aidan College Switzerland",,,x,x,,http://www.oneworld365.org/company/aidan-college-switzerland
14056,"Ape Action Africa",x,,,,,http://www.oneworld365.org/company/ape-action-africa
14646,"Au Pair USA",,x,,,,http://www.oneworld365.org/company/au-pair-usa
14097,"Babylon Idiomas",,,,x,,http://www.oneworld365.org/company/babylon-idiomas
14712,Baby-speaking,,x,,x,,http://www.oneworld365.org/company/baby-speaking
2154,"Ballibay for the Fine and Performing Arts",,,,,x,http://www.oneworld365.org/company/ballibay-for-the-fine-and-performing-arts
14417,BESTEP,x,x,,x,,http://www.oneworld365.org/company/bestep
14767,"Best Parties Ever",,x,,,,http://www.oneworld365.org/company/best-parties-ever
8816,"Bhejane Nature Training",x,x,x,,,http://www.oneworld365.org/company/bhejane-nature-training
13762,"Boston Red Sox Baseball Academy Summer Camps",,,,,x,http://www.oneworld365.org/company/boston-red-sox-baseball-academy-summer-camps
12371,Brigadista,x,,x,,,http://www.oneworld365.org/company/brigadista
4,BUNAC,x,x,x,x,x,http://www.oneworld365.org/company/bunac
3112,Busabout,,,x,,,http://www.oneworld365.org/company/busabout
1,"Camp America",,x,,,x,http://www.oneworld365.org/company/camp-america
14512,"Camp America New Zealand",,x,,,x,http://www.oneworld365.org/company/camp-america-new-zealand
8330,"Camp Augusta",,,,,x,http://www.oneworld365.org/company/camp-augusta
3,"Camp Leaders ",,x,,,x,http://www.oneworld365.org/company/camp-leaders
13994,"Camps River Ranch, Robbinswold &amp; St Albans",,,,,x,http://www.oneworld365.org/company/camps-river-ranch-robbinswold-st-albans-67
13752,"Camp Summit",,,,,x,http://www.oneworld365.org/company/camp-summit
2723,"Camp Tall Timbers",,,,,x,http://www.oneworld365.org/company/camp-tall-timbers
2503,"Circus of the Kids",,,,,x,http://www.oneworld365.org/company/circus-of-the-kids
9154,"Concordia International Volunteers",x,,,,,http://www.oneworld365.org/company/concordia-international-volunteers
3115,"Contiki Holidays",,,x,,,http://www.oneworld365.org/company/contiki-holidays
14647,"CopperStone Resort Canmore Hotel Canada",,x,,,,http://www.oneworld365.org/company/copperstone-resort-canmore-hotel-canada
14640,"CRCC Asia",x,x,,x,,http://www.oneworld365.org/company/crcc-asia
12134,"DAKTARI Bush School & Wildlife Orphanage",x,,,,,http://www.oneworld365.org/company/daktari-bush-school-wildlife-orphanage
14762,"Don Quijote Spanish School",,,,x,,http://www.oneworld365.org/company/don-quijote-spanish-school
14641,"Ecoteer Responsible Travel",x,,,,,http://www.oneworld365.org/company/ecoteer-responsible-travel
3237,"Endless Mountains Dance Camp",,,,,x,http://www.oneworld365.org/company/endless-mountains-dance-camp
14761,"Escuela De Idiomas Spanish School",,,,x,,http://www.oneworld365.org/company/escuela-de-idiomas-spanish-school
14247,"Expanish Spanish School",,x,x,x,x,http://www.oneworld365.org/company/expanish-spanish-school
14301,"Expanish Volunteer",x,,,,,http://www.oneworld365.org/company/expanish-volunteer
12763,"Fée Rêvée",,x,,,,http://www.oneworld365.org/company/fee-revee
2548,"Fernwood Cove Summer Camp",,,,,x,http://www.oneworld365.org/company/fernwood-cove-summer-camp
14763,"Footprints Worldwide",,,x,,,http://www.oneworld365.org/company/footprints-worldwide
12331,"Free &amp; Easy Traveler",,,x,,,http://www.oneworld365.org/company/free-easy-traveler
2554,"Friendly Pines Camp",,,,,x,http://www.oneworld365.org/company/friendly-pines-camp
14777,Fronteering,x,,x,,,http://www.oneworld365.org/company/fronteering
14766,Frontier,x,x,x,x,x,http://www.oneworld365.org/company/frontier
14738,"G Adventures",,,x,,,http://www.oneworld365.org/company/g-adventures
11840,Gapforce,x,x,x,x,,http://www.oneworld365.org/company/gapforce
11874,"Gap Medics Ltd",x,,x,,,http://www.oneworld365.org/company/gap-medics-ltd
14246,"Golden Tours",,,x,,,http://www.oneworld365.org/company/golden-tours
3143,Greenforce,x,x,x,x,,http://www.oneworld365.org/company/greenforce
11899,"HAGGiS Adventures",,,x,,,http://www.oneworld365.org/company/haggis-adventures
13680,"Inspired Breaks",x,,x,x,,http://www.oneworld365.org/company/inspired-breaks
5188,"Inspire Volunteering",x,,,,,http://www.oneworld365.org/company/inspire-volunteering
11893,InterExchange,x,x,x,x,x,http://www.oneworld365.org/company/interexchange
3123,"International Exchange Programs (IEP)",x,x,,x,x,http://www.oneworld365.org/company/international-exchange-programs-iep
2121,"International Sports Training Camp",,,,,x,http://www.oneworld365.org/company/international-sports-training-camp
14752,"International Teacher Training Organization",,,,x,,http://www.oneworld365.org/company/international-teacher-training-organization
14086,"International TEFL Academy",,x,,x,,http://www.oneworld365.org/company/international-tefl-academy
13961,"International Volunteer HQ (IVHQ)",x,,,x,,http://www.oneworld365.org/company/international-volunteer-hq-ivhq
5390,"Intrepid Travel",,,x,,,http://www.oneworld365.org/company/intrepid-travel
5495,iSPiiCE,x,x,x,x,x,http://www.oneworld365.org/company/ispiice
13687,i-to-i,x,,x,x,x,http://www.oneworld365.org/company/i-to-i
10569,"i-to-i Teach English Abroad",,,,x,,http://www.oneworld365.org/company/i-to-i-teach-english-abroad
6386,"Just TEFL",,,,x,,http://www.oneworld365.org/company/just-tefl
14668,"Kings College School, London, England",,x,,x,,http://www.oneworld365.org/company/kings-college-school-london-england
5295,"Lake Louise Inn",,x,,,,http://www.oneworld365.org/company/lake-louise
14445,"Lattitude Global Volunteering",x,,,,,http://www.oneworld365.org/company/lattitude-global-volunteering
9677,"LEAD Adventures South America",x,,x,x,,http://www.oneworld365.org/company/lead-adventures-south-america
14364,"Liquid Dumaguete Dive Resort",,x,x,,,http://www.oneworld365.org/company/liquid-dumaguete-dive-resort
14749,"Live and Learn",,x,x,x,x,http://www.oneworld365.org/company/live-and-learn
13537,"Maasai International Challenge Africa (MICA)",x,,,,,http://www.oneworld365.org/company/maasai-international-challenge-africa-mica
13456,"Malapascua Exotic Island Dive &amp; Beach Resort",,x,x,,,http://www.oneworld365.org/company/malapascua-exotic-island-dive-beach-resort
14652,"Mardell Farm Jobs Canada",,x,,,,http://www.oneworld365.org/company/mardell-farm-jobs-canada
9495,Medforce,x,,,,,http://www.oneworld365.org/company/medforce
14757,MozVolunteers,x,,x,,,http://www.oneworld365.org/company/mozvolunteers
8670,"Next Step Connections",,x,,,,http://www.oneworld365.org/company/next-step-connections
4765,"North Country Camps",,,,,x,http://www.oneworld365.org/company/north-country-camps
8648,"Oasis Overland",,,x,,,http://www.oneworld365.org/company/oasis-overland
14222,"Odiyan Retreat Center, California",x,,,,,http://www.oneworld365.org/company/odiyan-retreat-center-california
14228,ONTESOL,,,,x,,http://www.oneworld365.org/company/ontesol
7560,"ORCA Foundation",x,,,,,http://www.oneworld365.org/company/orca-foundation
7635,"Origin Care Jobs UK",,x,,,,http://www.oneworld365.org/company/origin-care-jobs-uk
13268,"Oxford International Study Centre",,,,x,,http://www.oneworld365.org/company/oxford-international-study-centre
14770,"Oyster Trekking",,,x,,,http://www.oneworld365.org/company/oyster-trekking
3282,"Oyster Worldwide",x,x,,,,http://www.oneworld365.org/company/oyster-worldwide
9494,Ozforce,,x,,,,http://www.oneworld365.org/company/ozforce
14217,"Picture Africa",,,x,,,http://www.oneworld365.org/company/picture-africa
5577,"Play Soccer",,,,,x,http://www.oneworld365.org/company/play-soccer
3175,"Projects Abroad",x,,,,,http://www.oneworld365.org/company/projects-abroad
12116,"Projects Abroad Pro",x,,,,,http://www.oneworld365.org/company/projects-abroad-pro
14764,"Rainbow Divers Vietnam",,,x,,,http://www.oneworld365.org/company/rainbow-divers-vietnam
13681,"Real Gap",x,x,x,x,x,http://www.oneworld365.org/company/real-gap
14739,RushAdventures,,x,,,,http://www.oneworld365.org/company/rushadventures
13679,"Safari Legacy",,,x,,,http://www.oneworld365.org/company/safari-legacy
2690,"Sandy Hill Camp",,,,,x,http://www.oneworld365.org/company/sandy-hill-camp
14742,"Scope Volunteer in Brazil",x,x,x,x,,http://www.oneworld365.org/company/scope-volunteer-in-brazil
11941,"SEE TEFL",x,,,x,,http://www.oneworld365.org/company/see-tefl
13320,SHAD,x,,,,,http://www.oneworld365.org/company/shad
14725,"Shallow Waters",x,,,,,http://www.oneworld365.org/company/shallow-waters
8647,"Shamrocker Adventures",,,x,,,http://www.oneworld365.org/company/shamrocker-adventures
9365,"Ski Force",,x,x,,,http://www.oneworld365.org/company/ski-force
11861,"Smaller Earth",x,x,x,x,x,http://www.oneworld365.org/company/smaller-earth
12124,"SOS Tartarugas Cabo Verde",x,,,,,http://www.oneworld365.org/company/sos-tartarugas-cabo-verde
11839,Sportforce,x,,,,,http://www.oneworld365.org/company/sportforce
14776,"Study Abroad Cambridge: Reach Cambridge and Orange Coast College",,,x,x,x,http://www.oneworld365.org/company/study-abroad-cambridge-reach-cambridge-and-orange-coast-college
14772,"Sun Kiss Working Holidays",,x,,,,http://www.oneworld365.org/company/sun-kiss-working-holidays
14711,"Teach in China with Disney English! ",,,,x,,http://www.oneworld365.org/company/teach-in-china-with-disney-english
14645,"TEFL Iberia",,,,x,,http://www.oneworld365.org/company/tefl-iberia
13287,"TEFL Time",x,,,x,,http://www.oneworld365.org/company/tefl-time
3236,"The Farm Arts Camp",,,,,x,http://www.oneworld365.org/company/the-farm-arts-camp
14198,"The Great Projects",x,,,,,http://www.oneworld365.org/company/the-great-projects
12535,"The Humanity Exchange",x,,,,,http://www.oneworld365.org/company/the-humanity-exchange
3238,"The Rock Farm",,,,,x,http://www.oneworld365.org/company/the-rock-farm
2733,"Timber Lake Camp",,,,,x,http://www.oneworld365.org/company/timber-lake-camp
5527,"Time For God (TFG)",x,,,x,x,http://www.oneworld365.org/company/time-for-god-tfg
3099,"Travellers Worldwide",x,x,x,x,x,http://www.oneworld365.org/company/travellers-worldwide
3100,Trekforce,x,x,x,x,,http://www.oneworld365.org/company/trekforce
12614,"Turtle Foundation",x,,,,,http://www.oneworld365.org/company/turtle-foundation
6933,"Twin Work &amp; Volunteer",x,x,x,x,,http://www.oneworld365.org/company/twin-work-volunteer
6518,"Utila Dive Centre",,x,x,x,,http://www.oneworld365.org/company/utila-dive-centre
14747,"Vamos Cuba",,,x,,,http://www.oneworld365.org/company/vamos-cuba
11184,"Virgin Holidays",,,,,,http://www.oneworld365.org/company/virgin-holidays
6603,Vitalise,x,,,,,http://www.oneworld365.org/company/vitalise
5996,"Volunteering India",x,,x,,,http://www.oneworld365.org/company/volunteering-india
5320,"Volunteering Solutions",x,,,,,http://www.oneworld365.org/company/volunteering-solutions
13673,"Volunteer Maldives",x,,,x,x,http://www.oneworld365.org/company/volunteer-maldives
5648,"Wild Coast Horse Trails",x,x,x,,,http://www.oneworld365.org/company/wild-coast-horse-trails
10267,"Work the World",x,,,,,http://www.oneworld365.org/company/work-the-world
