3009,,1,,,,
2383,,,,1,,
2384,,,,1,,
675,,,,,1,
576,,,,,1,
869,,,,,1,
1053,,,,,1,
678,,,,,1,
870,,,,,1,
1038,,,,,1,
1048,,,,,1,
1040,,,,,1,
2001,,,,,1,
2000,,,,,1,
707,,,,,1,
1042,,,,,1,
1034,,,,,1,
1051,,,,,1,
1052,,,,,1,
534,,,,,1,
823,,,,,1,
2897,,1,,,,
1865,1,1,,,,
2310,1,,,,,
419,,1,,,,
1281,,1,,,,
406,,1,,,,
2896,,1,,,,
1279,,1,,,,
417,,1,,,,
418,,1,,,,
2325,1,,,,,
2336,1,,,,,
2322,1,,,,,
2324,1,,,,,
2321,1,,,,,
2323,1,,,,,
2320,1,,,,,
2335,1,1,,,,
2157,,,,1,,
2158,,,,1,,
2159,,,,1,,
2527,1,,,,,
2533,1,,,,,
2528,1,,,,,
2525,1,,,,,
2524,1,,,,,
2530,1,,,,,
2529,1,,,,,
2526,1,,,,,
2531,1,,,,,
2532,1,,,,,
1757,1,,,,,
2226,,,,,1,
2227,,,,,1,
2162,,,,,1,
2164,,,,,1,
2160,,,,,1,
2163,,,,,1,
2161,,,,,1,
169,,,,,1,
1358,,,,,1,
2088,1,,,,,
158,,,,,1,
1653,,,,,1,
989,,,,,1,
778,,,,,1,
775,,,,,1,
790,,,,,1,
785,,,,,1,
783,,,,,1,
1133,1,,,,,
161,1,,,,,
1450,1,,,,,
776,,,,,1,
777,,,,,1,
2084,,,,,1,
1838,,1,,,,
2867,,1,,,,
1837,,1,,,,
1836,,1,,,,
1832,,1,,,,
1833,,1,,,,
1834,,1,,,,
1835,,1,,,,
1831,,1,,,,
490,,,1,,,
1621,,,1,,,
1122,1,,,,,
3010,,1,,,,
1269,,,1,,1,
2243,,,1,,1,
2334,,,1,,1,
41,,,1,,1,
43,,,1,,1,
2333,,,1,,1,
32,,,1,,1,
39,,,1,,1,
44,,,1,,1,
31,,,1,,1,
2196,,,1,,1,
2185,,,1,,1,
2187,,,1,,1,
1572,,,1,,1,
2009,,,,,1,
2414,,,1,,1,
1595,,,1,,1,
1581,,,1,,1,
1594,,,1,,1,
1583,,,1,,1,
1593,,,1,,1,
1585,,,1,,1,
1597,,,1,,1,
1599,,,1,,1,
1600,,,,,1,
1586,,,1,,1,
1605,,,1,,1,
1612,,,1,,1,
1582,,,,,1,
1596,,,1,,1,
1584,,,1,,1,
1611,,,1,,,
1609,,,1,,,
1610,,,1,,,
1608,,,1,,,
452,,,1,,,
1639,,,1,,,
1640,,,1,,,
730,1,1,,,,
2965,,1,,,,
2966,,1,,,,
2967,,1,,,,
2968,,1,,,,
2969,,1,,,,
430,,,1,,,
431,,,1,,,
2746,1,,,,,
672,1,,,,,
673,1,,,,,
674,1,,,,,
655,1,,,,,
656,1,,,,,
671,1,,,,,
659,1,,,,,
664,1,,,,,
654,1,,,,,
662,1,,,,,
660,1,,,,,
657,1,,,,,
663,1,,,,,
661,1,,,,,
658,1,,,,,
499,1,,,,,
498,1,,,,,
2943,1,,,,,
2942,1,,,,,
2940,1,,,,,
2941,1,,,,,
2945,1,,,1,,
2944,1,,,,,
2843,,1,,,,
2819,,1,,,,
2846,,1,,,,
2842,,1,,,,
2845,,1,,,,
2844,,1,,,,
2847,,1,,,,
2822,,1,,,,
2423,,1,,,,
2823,,1,,,,
2818,,1,,,,
2228,,,,,1,
2976,,1,,,,
3016,,1,,,,
2979,,1,,,,
2978,,1,,,,
2977,,1,,,,
2980,,1,,,,
1069,1,,,,,
2866,,1,,,,
2434,,1,,,,
2435,,1,,,,
2342,1,,,,,
2344,1,,,,,
2358,1,,,,,
2357,1,,,,,
2543,1,,,,,
2214,1,,,,,
2213,1,1,,,,
2415,1,,,,,
2212,1,,,,,
2544,1,,,,,
2215,1,,,,,
2417,1,,,,,
2418,1,,,,,
2296,1,,,,,
2939,1,,,,,
2216,1,,,,,
2341,1,,,,,
2359,1,,,,,
491,,,1,,,
2429,,,,1,,
2004,,1,,,,
2005,,1,,,,
2002,,1,,,,
1997,,1,,,,
2003,,1,,,,
1998,,1,,,,
2082,,1,,,,
2007,1,,,,,
2006,1,,,,,
1999,1,,,1,,
3015,,1,,,,
1859,,,1,,,
1858,,,1,,,
2436,,1,,,,
2442,,1,,,,
2441,,1,,,,
2440,,1,,,,
2438,,1,,,,
2439,,1,,,,
2437,,1,,,,
2444,,1,,,,
2443,,1,,,,
2445,,1,,,,
1125,,1,,,,
1126,,1,,,,
1127,,1,,,,
1121,,1,,,,
1124,,1,,,,
1123,,1,,,,
1293,,1,,,,
353,,,1,,,
2513,1,1,,,,
2514,,1,,,,
2517,1,,,,,
2509,1,,,,,
2515,1,,,,,
2512,,1,,,,
2508,1,,,,,
2510,1,,,,,
2518,1,,,,,
2511,1,1,,,,
2507,1,,,,,
2898,1,,,,,
2516,1,,,,,
2468,1,,,,,
2467,1,1,,1,,
2464,1,1,,1,,
2953,1,1,,,,
2466,1,,,,,
2954,1,1,,,,
2957,1,1,,,,
2955,1,1,,,,
2956,1,1,,1,,
2958,1,1,,,,
2950,1,1,,,,
2970,1,,,1,,
2973,1,,,,,
2972,1,,,,,
2459,1,1,,,,
2971,1,,,,,
2461,1,1,,,,
2463,,1,,,,
2465,1,1,,1,,
2460,1,1,,,,
2462,1,1,,,,
2952,1,1,,,,
2951,1,1,,,,
1254,,,,,1,
1258,,,,,1,
1256,,,,,1,
1257,,,,,1,
1255,,,,,1,
2804,,1,,,,
2709,,1,,,,
2549,,1,,,,
2809,,1,,,,
2554,,1,,,,
2688,,1,,,,
2770,,1,,,,
2699,,1,,,,
2796,,1,,,,
2557,,1,,,,
2711,,1,,,,
2712,,1,,,,
2678,,1,,,,
2817,,1,,,,
2802,,1,,,,
2752,,1,,,,
2552,,1,,,,
2564,,1,,,,
2546,,1,,,,
2797,,1,,,,
2654,,1,,,,
2447,,1,,,,
2734,,1,,,,
2930,,1,,,,
2706,,1,,,,
2698,,1,,,,
2682,,1,,,,
2588,,1,,,,
2653,,1,,,,
2571,,1,,,,
2724,,1,,,,
2448,,1,,,,
2710,,1,,,,
2449,,1,,,,
2901,,1,,,,
2582,,1,,,,
2909,,1,,,,
2926,,1,,,,
2648,,1,,,,
2750,,1,,,,
2540,,1,,,,
2856,,1,,,,
2550,,1,,,,
2925,,1,,,,
2577,,1,,,,
2681,,1,,,,
2584,,1,,,,
2923,,1,,,,
2558,,1,,,,
2560,,1,,,,
2900,,1,,,,
2598,,1,,,,
2794,,1,,,,
2579,,1,,,,
2684,,1,,,,
2884,,1,,,,
2733,,1,,,,
2580,,1,,,,
2663,,1,,,,
2661,,1,,,,
2662,,1,,,,
2799,,1,,,,
2547,,1,,,,
2932,,1,,,,
2864,,1,,,,
2581,,1,,,,
2857,,1,,,,
2751,,1,,,,
2910,,1,,,,
2638,1,1,,,,
2703,,1,,,,
2569,,1,,,,
2589,,1,,,,
2719,,1,,,,
2694,,1,,,,
2677,,1,,,,
2747,,1,,,,
2860,,1,,,,
2859,,1,,,,
2862,,1,,,,
2800,,1,,,,
2545,,1,,,,
2735,,1,,,,
2570,,1,,,,
2708,,1,,,,
2739,,1,,,,
2667,,1,,,,
2591,,1,,,,
2722,,1,,,,
2704,,1,,,,
2886,,1,,,,
2907,,1,,,,
2707,,1,,,,
2568,,1,,,,
2906,,1,,,,
2576,,1,,,,
2714,,1,,,,
2729,,1,,,,
2731,,1,,,,
2700,,1,,,,
2691,,1,,,,
2732,,1,,,,
2565,,1,,,,
2793,,1,,,,
2742,,1,,,,
2903,,1,,,,
2689,,1,,,,
2743,,1,,,,
2922,,1,,,,
2556,,1,,,,
2738,,1,,,,
2572,,1,,,,
2929,,1,,,,
2730,,1,,,,
2573,,1,,,,
2718,,1,,,,
2658,,1,,,,
2805,,1,,,,
2664,,1,,,,
2685,,1,,,,
2578,,1,,,,
2882,,1,,,,
2590,,1,,,,
2865,,1,,,,
2807,,1,,,,
2595,,1,,,,
2883,,1,,,,
2695,,1,,,,
2792,,1,,,,
2574,,1,,,,
2562,,1,,,,
2563,,1,,,,
2649,,1,,,,
2705,,1,,,,
2725,,1,,,,
2642,1,1,,,,
2702,,1,,,,
2806,,1,,,,
2801,,1,,,,
2885,,1,,,,
2912,,1,,,,
2665,,1,,,,
2928,,1,,,,
2656,,1,,,,
2715,,1,,,,
2716,,1,,,,
2904,,1,,,,
2937,,1,,,,
2566,,1,,,,
2913,,1,,,,
2726,,1,,,,
2585,,1,,,,
2587,,1,,,,
2651,,1,,,,
2713,,1,,,,
2858,,1,,,,
2659,,1,,,,
2669,,1,,,,
2668,,1,,,,
2740,,1,,,,
2592,,1,,,,
2593,,1,,,,
2915,,1,,,,
2914,,1,,,,
2924,,1,,,,
2927,,1,,,,
2721,,1,,,,
2655,,1,,,,
2795,,1,,,,
2736,,1,,,,
2863,,1,,,,
2749,,1,,,,
2686,,1,,,,
2561,,1,,,,
2583,,1,,,,
2683,,1,,,,
2697,1,1,,,,
2728,,1,,,,
2567,,1,,,,
2687,,1,,,,
2616,,1,,,,
2787,1,1,,,,
2861,,1,,,,
2815,,1,,,,
2575,1,1,,,,
2551,,1,,,,
2548,,1,,,,
2594,,1,,,,
2905,,1,,,,
2899,,1,,,,
2803,,1,,,,
2641,1,1,,,,
2693,,1,,,,
2701,,1,,,,
2692,,1,,,,
2645,1,1,,,,
2717,,1,,,,
2748,,1,,,,
2636,,1,,,,
2596,,1,,,,
2597,,1,,,,
2640,1,1,,,,
2791,,1,,,,
2660,,1,,,,
2720,,1,,,,
2696,,1,,,,
2652,,1,,,,
2908,,1,,,,
2741,,1,,,,
2723,,1,,,,
2553,,1,,,,
2808,,1,,,,
2917,,1,,,,
2680,,1,,,,
2555,,1,,,,
2798,,1,,,,
2737,,1,,,,
2666,,1,,,,
2637,1,1,,,,
2639,1,1,,,,
2644,1,1,,,,
2643,,1,,,,
2559,,1,,,,
2657,,1,,,,
1646,1,1,,,,
1516,1,1,,,,
1517,1,1,,,,
815,1,1,,,,
2011,,1,,,,1
812,1,1,,,,
1579,,1,,,,1
302,1,1,,,,
297,1,1,,,,
323,1,1,,,,
322,1,1,,,,
327,1,1,,,,
346,1,1,,,,
1086,1,1,,,,
293,1,1,,,,
326,1,1,,,,
799,1,1,,,,
3008,,1,,,,
2998,,1,,,,
3004,,1,,,,
2964,,1,,,,
3006,,1,,,,
3003,,1,,,,
3005,,1,,,,
2999,,1,,,,
3001,,1,,,,
3002,,1,,,,
3007,,1,,,,
2539,1,,,,,
2778,,1,,,,
2782,,1,,,,
2780,,1,,,,
2781,,1,,,,
2779,,1,,,,
2292,1,,,,,
2257,1,,,,,
2258,1,,,,,
2256,1,,,,,
2255,1,,,,,
2254,1,,,,,
2251,1,,,,,
2253,1,,,,,
2041,1,,,,,
2076,,1,,,,
2060,1,,,,,
2064,1,,,,,
2048,1,,,,,
2051,1,,,,,
2042,1,,,,,
2039,1,,,,,
2061,1,,,,,
2059,1,,,,,
2066,,1,,,,
2049,,1,,,,
2079,1,,,,,
2047,1,1,,,,
2069,1,,,,,
2067,1,,,,,
2043,1,,,,,
2050,,1,,,,
2062,1,,,,,
2070,1,,,,,
2052,1,,,,,
2065,1,,,,,
2038,1,1,,,,
2045,1,,,,,
2044,1,,,,,
2040,1,,,,,
2053,1,,,,,
2037,1,,,,,
2081,,1,,,,
2054,1,,,,,
2080,,1,,,,
2073,1,,,,,
2046,1,,,,,
2036,1,,,,,
2068,1,,,,,
2071,1,,,,,
2058,1,,,,,
2055,1,,,,,
2072,1,,,,,
2077,,1,,,,
2063,1,,,,,
2057,1,,,,,
2075,1,,,,,
2074,1,,,,,
1563,,1,1,,1,
2311,,,1,,1,
1566,,,1,,1,
1564,,1,1,,1,
1565,,,1,,1,
1476,,,,,1,
1462,,,,,1,
2273,,,,,1,
2274,,,,,1,
1479,1,,,,,
2246,1,,,,,
2244,1,,,,,
2247,1,,,,,
2245,1,,,,,
2275,,,,,1,
1475,,,,,1,
1473,,,,,1,
1474,,,,,1,
1478,,,,,1,
1477,,,,,1,
1471,,,,,1,
1472,,,,,1,
112,,,1,,,
2284,,,,1,,
1913,,,,1,,
1922,,,,1,,
1930,,,,1,,
1887,,,,1,,
1923,,,,1,,
1924,,,,1,,
1925,,,,1,,
1907,,,,1,,
1932,,,,1,,
1933,,,,1,,
2519,,,,1,,
1934,,,,1,,
1905,,,,1,,
1906,,,,1,,
1935,,,,1,,
1910,,,,1,,
1908,,,,1,,
1918,,,,1,,
1759,,,,1,,
1919,,,,1,,
1926,,,,1,,
1936,,,,1,,
1937,,,,1,,
1938,,,,1,,
1909,,,,1,,
1940,,,,1,,
1915,,,,1,,
1941,,,,1,,
1920,,,,1,,
1928,,,,1,,
1921,,,,1,,
1939,,,,1,,
1929,,,,1,,
1916,,,,1,,
1917,,,,1,,
1927,,,,1,,
1931,,,,1,,
1904,,,,1,,
1772,,,,1,,
1763,,,,1,,
1775,,,,1,,
1768,,,,1,,
1769,,,,1,,
1776,,,,1,,
1766,,,,1,,
1773,,,,1,,
1771,,,,1,,
1767,,,,1,,
1779,,,,1,,
1780,,,,1,,
1778,,,,1,,
1765,,,,1,,
1764,,,,1,,
1774,,,,1,,
1760,,,,1,,
2282,,,,1,,
1911,,,,1,,
1912,,,,1,,
1942,,,,1,,
1914,,,,1,,
1726,1,,,,,
1732,1,,,,,
1736,1,,,,,
1728,1,,,,,
1743,1,,,,,
1735,1,,,,,
1711,1,,,,,
1720,1,,,,,
1686,1,,,,,
1706,1,,,,,
1744,1,,,,,
1738,1,,,,,
1713,1,,,,,
1729,1,,,,,
1688,1,,,,,
1658,1,,,,,
1737,1,,,,,
1747,1,,,,,
1717,1,,,,,
1677,1,,,,,
1714,1,,,,,
1730,1,,,,,
1721,1,,,,,
1741,1,,,,,
1689,1,,,,,
1725,1,,,,,
1684,1,,,,,
1679,1,,,,,
1699,1,,,,,
1687,1,,,,,
1692,1,,,,,
1709,1,,,,,
1657,1,,,,,
1680,1,,,,,
1740,1,,,,,
1749,1,,,,,
1734,1,,,,,
1722,1,,,,,
1716,1,,,,,
1678,1,,,,,
1698,1,,,,,
1691,1,,,,,
1708,1,,,,,
1655,1,,,,,
1702,1,,,,,
1705,1,,,,,
1750,1,,,,,
1700,1,,,,,
1695,1,,,,,
1751,1,,,,,
1745,1,,,,,
1659,1,,,,,
1681,1,,,,,
1724,1,,,,,
1694,1,,,,,
1719,1,,,,,
1696,1,,,,,
1746,1,,,,,
1748,1,,,,,
1710,1,,,,,
1693,1,,,,,
1727,1,,,,,
1718,1,,,,,
1697,1,,,,,
1685,1,,,,,
1690,1,,,,,
1704,1,,,,,
1701,1,,,,,
1739,1,,,,,
1733,1,,,,,
1723,1,,,,,
1676,1,,,,,
1683,1,,,,,
1742,1,,,,,
1707,1,,,,,
1712,1,,,,,
1656,1,,,,,
2453,1,,,,,
2472,1,,,,,
1682,1,,,,,
1703,1,,,,,
1731,1,,,,,
2767,,1,,,,
2783,,1,,,,
2786,,1,,,,
2785,,1,,,,
2810,,1,,,,
2812,,1,,,,
2773,,1,,,,
2757,,1,,,,
2811,,1,,,,
2765,,1,,,,
2813,,1,,,,
2763,,1,,,,
2916,,1,,,,
2760,,1,,,,
2776,,1,,,,
2727,,1,,,,
2690,,1,,,,
2777,,1,,,,
2766,,1,,,,
2936,,1,,,,
2816,,1,,,,
2933,,1,,,,
2624,,1,,,,
2603,,1,,,,
2613,,1,,,,
2629,,1,,,,
2627,,1,,,,
2621,,1,,,,
2784,,1,,,,
2775,,1,,,,
2620,,1,,,,
2635,,1,,,,
2853,,1,,,,
2753,,1,,,,
2604,,1,,,,
2761,,1,,,,
2931,,1,,,,
2614,,1,,,,
2611,,1,,,,
2633,,1,,,,
2902,,1,,,,
2758,,1,,,,
2605,,1,,,,
2852,,1,,,,
2934,,1,,,,
2754,,1,,,,
2615,,1,,,,
2881,,1,,,,
2851,,1,,,,
2647,,1,,,,
2432,,1,,,,
2424,,1,,,,
2425,,1,,,,
2428,,1,,,,
2430,,1,,,,
2426,,1,,,,
2427,,1,,,,
2433,,1,,,,
2431,,1,,,,
2935,,1,,,,
2632,,1,,,,
2634,,1,,,,
2774,,1,,,,
2625,,1,,,,
2602,,1,,,,
2764,,1,,,,
2769,,1,,,,
2768,,1,,,,
2606,,1,,,,
2918,,1,,,,
2919,,1,,,,
2628,,1,,,,
2609,,1,,,,
2895,,1,,,,
2880,,1,,,,
2608,,1,,,,
2618,,1,,,,
2626,,1,,,,
2612,,1,,,,
2771,,1,,,,
2610,,1,,,,
2759,,1,,,,
2607,,1,,,,
2911,,1,,,,
2630,,1,,,,
2762,,1,,,,
2600,,1,,,,
2921,,1,,,,
2920,,1,,,,
2850,,1,,,,
2814,,1,,,,
2599,,1,,,,
2772,1,1,,,,
2756,,1,,,,
2617,,1,,,,
2854,,1,,,,
2755,,1,,,,
2619,,1,,,,
2623,,1,,,,
2622,,1,,,,
2601,,1,,,,
2631,,1,,,,
401,,,,1,,
1336,,,,1,,
402,,,,1,,
400,,,,1,,
1334,,,,1,,
2198,,,,1,,
1332,,,,1,,
2199,,,,1,,
1331,,,,1,,
1263,,,,1,,
1330,,,,1,,
2252,,,,,1,
2833,1,,,,,
563,1,1,,,,
2831,1,,,,,
2834,1,,,,,
541,1,,,,,
2830,1,,,,,
2832,1,,,,,
552,1,,,,,
557,1,,,,,
558,1,,,,,
535,1,,,,,
569,1,,,,,
555,,1,,,,
562,1,,,,,
2835,,,,,1,
2829,1,,,,,
559,1,,,,,
553,1,,,1,,
556,,,,1,,
567,1,,,,,
560,1,,,,,
222,,,,,1,
2218,,1,,,,
2217,,1,,,1,
2675,1,,,,,
2821,1,,,,,
2673,1,,,,,
2674,1,,,,,
2238,1,,,,,
2269,1,,,,,
2271,1,,,,,
2259,1,,,,,
2276,1,,,,,
1822,,1,,,,
2237,1,,,,,
2270,1,,,,,
1468,1,1,,,,
2230,1,,,,,
2229,1,,,,,
2236,1,,,,,
1520,1,,,,,
2028,1,,,,,
2231,1,,,,,
2277,1,,,,,
1463,1,,,,,
2260,1,,,,,
2234,1,,,,,
2279,,1,,,,
2233,1,,,,,
2232,1,,,,,
2267,1,,,,,
2235,1,,,,,
1469,,1,,,,
1464,1,,,,,
2278,1,,,,,
2261,1,,,,,
1467,1,,,,,
2242,1,,,,,
2033,1,,,,,
2027,1,,,,,
2032,1,,,,,
2034,1,,,,,
2031,1,,,,,
1819,1,,,,,
2035,1,,,,,
2029,1,,,,,
2030,1,,,,,
2263,1,,,,,
1466,1,,,,,
1448,,1,,,,
1449,,1,,,,
1447,,1,,,,
1654,,1,,,,
2239,,,,,1,
728,1,,,,,
2412,1,,,,,
2413,1,,,,,
446,,,1,,,
447,,,1,,,
1515,1,,,,,
2240,1,,,,,
2225,,1,,,,
1103,,1,,,,
1102,,1,,,,
1570,,1,,,,
1096,,1,,,,
1095,,1,,,,
1100,,1,,,,
1106,,1,,,,
1099,,1,,,,
1101,,1,,,,
1097,,1,,,,
2186,,1,,,,
1098,,1,,,,
1105,,1,,,,
2348,1,,,,,
2352,1,,,,,
1297,,,,1,,
1298,,,,1,,
1299,,,,1,,
1302,,,,1,,
2195,1,,,,,
438,,,,,1,
2192,1,,,,,
1636,1,,,,,
2190,1,,,,,
2193,1,,,,,
1638,,,,,1,
1637,1,,,,,
439,1,,,,,
1635,1,,,,,
689,1,,,,1,
440,1,,,,,
1633,1,,,,,
1292,1,,,,,
2194,,,,,1,
441,1,,,,,
2191,1,,,,,
1054,1,,,,,
1634,1,,,,,
442,,,,,1,
1752,,,,,1,
729,,,,,1,
344,,,1,,,
345,,,1,,,
343,,,1,,,
207,1,,,,,
2487,1,,,,,
2836,1,,,,,
202,1,,,,,
2837,1,,,,,
2502,1,,,,,
273,1,,,,,
200,1,,,,,
193,1,,,,,
2484,1,,,,,
2505,1,,,,,
2485,1,,,,,
196,1,,,,,
195,1,,,,,
2497,1,,,,,
2475,1,,,,,
2504,1,,,,,
2490,1,,,,,
2483,1,,,,,
379,1,,,,,
280,1,,,,,
2479,1,,,,,
2481,1,,,,,
2488,1,,,,,
2506,1,,,,,
199,1,,,,,
2494,1,,,,,
2501,1,,,,,
201,1,,,,,
380,1,,,,,
206,1,,,,,
275,1,,,,,
2495,1,,,,,
2474,1,,,,,
198,1,,,,,
2493,1,,,,,
2500,1,,,,,
2489,1,,,,,
2476,1,,,,,
2478,1,,,,,
2496,1,,,,,
2477,1,,,,,
2480,1,,,,,
2492,1,,,,,
197,1,,,,,
2482,1,,,,,
2491,1,,,,,
2499,1,,,,,
382,1,,,,,
203,1,,,,,
2486,1,,,,,
192,1,,,,,
1501,1,,,,,
2450,,1,,,,
2451,,1,,,,
1860,,,,,,
2401,1,,,,,
2403,,1,,,,
2402,,1,,,,
1862,,1,,,,
2189,1,,,,,
2404,,1,,,,
1867,,1,,,,
1866,1,,,,,
1519,1,,,,,
1558,,,,,1,
1870,,1,,,,
1869,1,,,,,
2410,,1,,,,
2409,,,1,,,
2394,1,,,,,
2188,1,,,,,
1878,,1,,,,
2395,1,,,,,
1871,1,,,,,
2396,,1,,1,,
1879,,1,,1,,
2400,,1,,,,
1882,,1,,,,
1622,,1,,,,
1550,,,,,1,
1880,1,,,,,
1881,1,,,,,
2393,1,,,,,
1861,1,,,,,
1888,,1,,,,
2407,1,,,,,
1883,1,,,,,
2408,1,1,,,,
2405,,1,,,,
1895,,1,,,,
1889,1,,,,,
2317,,1,,,,
1892,1,,,,,
1893,1,,,,,
2398,,1,,,,
2399,,1,,,,
2312,,,,,1,
2392,,1,,,,
1894,1,,,,,
1884,1,,,,,
2316,1,,,,,
1896,1,,,,,
2314,1,,,,,
2315,1,,,,,
1518,,,,,1,
1898,1,,,,,
2397,1,,,1,,
1899,1,,,,,
1900,1,,,,,
1885,,1,,,,
2406,,1,,,,
1902,,1,,,,
1901,1,,,,,
1886,,1,,,,
1890,1,,,,,
1857,,,,,1,
2319,1,,,,,
2318,1,,,,,
2339,,,,,1,
2338,,,,,1,
2340,,,,,1,
2337,,,,,1,
1262,,,,1,,
1340,,,,1,,
1632,,,,1,,
1631,,,,1,,
1067,,,,1,,
1363,1,,,,,
1502,1,,,,,
1543,,1,,,,
1541,,1,,,,
1536,,1,,,,
1534,,1,,,,
1537,,1,,,,
1538,,1,,,,
1539,,1,,,,
1542,,1,,,,
1513,,1,,,,
1540,,1,,,,
427,,,1,,,
2351,1,,,,,
2997,,1,,,,
3000,,1,,,,
2995,,1,,,,
2938,,1,,,,
2994,,1,,,,
2991,,1,,,,
2992,,1,,,,
2996,,1,,,,
2993,,1,,,,
503,1,,,,,
2181,,,,,1,
1598,1,,,,,
2250,1,,,,,
2650,,,,,1,
1602,1,,,,,
2534,1,1,,,,
2457,1,,,,,
2458,,,,,1,
1799,1,,,,,
2452,1,,,,,
2455,1,,,,,
2586,,1,,,1,
2301,1,,,,,
1589,1,,,,,
1604,1,,,,,
2454,1,,,,,
1798,1,,,,,
1802,1,,,,,
2298,,,,,1,
1591,,,,,1,
1590,,,,,1,
1592,,,,,1,
734,,1,,,,
732,,1,,,,
1623,1,1,,,,
731,1,,,,,
735,,1,,,,
2522,,,,1,,
2670,,,,,1,
2672,,,,,1,
2521,,,,,1,
2671,,,,,1,
2473,,,,,1,
2520,,,,,1,
1514,,,,1,,
1180,,1,,,,
242,,1,,,,
1181,1,1,,,,
1179,,1,,,,
2307,,,,1,,
1350,,,,1,,
2745,,,,1,,
2306,,,,1,,
492,,,1,,,
1840,1,,,,,
2538,1,,,,,
1849,1,,,,,
1850,1,1,,,,
2536,1,,,,,
2542,1,,,,,
2541,1,,,,,
2537,1,,,,,
1839,1,,,,,
2535,1,1,,,,
1617,1,,,,,
1287,1,,,,,
2221,1,,,,,
1272,1,,,,,
1271,1,,,,,
1286,1,,,,,
1288,1,,,,,
1290,1,,,,,
2012,1,,,,,
1273,1,,,,,
1289,1,1,,,,
2056,1,,,,,
1274,1,,,,,
1645,1,,,,,
1270,1,,,,,
2291,1,,,,,
2985,1,,,,,
2981,1,,,1,,
2984,1,,,,,
2982,1,,,,,
2974,1,,,,,
2989,1,,,,,
2990,1,,,1,,
2988,1,,,1,,
2987,1,,,,,
2975,1,,,1,,
2986,1,,,,,
2983,1,,,,,
493,,,1,,,
389,,,1,,,
1131,1,,,,,
1268,1,,,,,
509,1,,,,,
513,1,,,,,
1328,1,,,,,
1333,1,,,,,
1993,,1,,,,
982,1,,,,,
2268,1,,,,,
1306,1,,,,,
1995,1,,,,,
1994,1,,,,,
742,1,,,,,
743,,1,,,,
745,,1,,,,
861,1,,,,,
741,1,,,,,
803,,1,,,,
744,1,1,,,,
1307,1,,,,,
1329,1,,,,,
1305,1,,,,,
983,1,,,,,
1065,1,,,,,
884,1,,,,,
883,1,,,,,
882,1,,,,,
1561,1,,,,,
879,1,,,,,
881,1,,,,,
1335,1,,,,,
848,1,,,,,
849,1,,,,,
1991,,1,,,,
875,,1,,,,
873,,1,,,,
864,1,,,,,
871,1,,,,,
1992,1,,,,,
876,1,,,,,
874,,1,,,,
1068,1,,,,,
2017,1,,,,,
862,1,,,,,
2346,1,,,,,
2385,1,,,,,
1337,1,,,,,
1338,1,,,,,
859,1,,,,,
850,1,,,,,
856,1,,,,,
1120,1,,,,,
1113,1,,,,,
1339,1,,,,,
1112,1,,,,,
855,1,,,,,
2294,1,,,,,
2411,1,,,,,
1344,1,,,,,
1343,1,,,,,
1990,,1,,,,
1342,1,,,,,
1341,1,,,,,
2264,1,,,,,
1868,1,,,,,
1345,1,,,,,
906,1,,,,,
1346,1,,,,,
975,1,,,,,
905,1,,,,,
900,1,,,,,
902,1,,,,,
907,1,,,,,
903,1,,,,,
909,1,,,,,
901,1,,,,,
2295,1,,,,,
2102,1,,,,,
830,1,,,,,
1984,1,,,,,
828,1,,,,,
1642,1,,,,,
1347,1,,,,,
831,1,,,,,
1087,1,,,,,
829,1,,,,,
806,1,,,,,
1562,1,,,1,,
929,1,,,,,
826,1,,,,,
1988,1,,,,,
891,1,,,,,
1989,1,,,,,
892,1,,,,,
895,1,,,,,
893,1,,,1,,
976,1,1,,,,
927,1,,,,,
930,1,,,1,,
928,1,,,,,
926,1,,,,,
899,1,,,,,
1188,1,,,,,
2016,1,,,1,,
1348,1,,,,,
934,1,,,,,
973,1,,,,,
974,1,,,,,
968,1,,,,,
971,1,,,,,
970,1,,,,,
972,1,,,,,
924,1,,,,,
967,1,,,,,
969,1,,,,,
1349,1,,,,,
1210,1,,,,,
966,1,,,,,
923,1,,,,,
726,1,1,,,,
2347,1,,,,,
1351,1,,,,,
1035,1,,,,,
980,1,,,,,
1059,1,,,,,
911,1,,,,,
910,1,,,,,
1644,1,,,,,
1795,1,,,,,
1353,1,,,,,
913,1,,,,,
1352,1,,,,,
1088,1,,,,,
1008,1,,,,,
2014,1,,,,,
1058,1,,,,,
912,1,,,,,
914,1,,,,,
920,1,,,,,
2008,1,,,,,
1036,1,,,,,
917,1,,,,,
1987,1,,,,,
918,1,,,,,
1037,1,,,,,
1354,1,,,,,
981,1,,,,,
977,1,,,1,,
1986,1,,,,,
2013,1,,,1,,
916,1,,,,,
961,1,,,,,
1985,1,,,,,
2015,1,,,,,
2265,1,,,,,
964,1,,,,,
1111,1,1,,,,
978,1,,,,,
854,1,,,,,
853,1,,,,,
866,1,,,,,
865,1,,,,,
1355,1,1,,,,
852,1,,,,,
867,1,,,,,
851,1,,,,,
839,1,,,,,
2179,1,,,,,
1567,1,,,,,
868,1,,,,,
2103,1,,,,,
2266,1,,,,,
2104,1,,,,,
2293,1,,,,,
1304,1,1,,,,
954,1,,,,,
953,1,,,,,
1356,1,,,,,
955,1,,,,,
1089,1,,,,,
921,1,,,,,
1301,,,,,1,
292,1,1,,,,
340,1,1,,,,
337,,1,,,,
289,1,1,,,,
338,1,1,,,,
3012,,1,,,,
3014,,1,,,,
3011,,1,,,,
3013,1,,,,,
2173,1,,,,,
1214,1,,,,,
647,1,,,,,
1481,,,,,1,
1215,1,,,,,
712,1,,,,,
623,1,,,,,
1223,1,,,,,
595,1,,,,,
1229,1,,,,,
547,1,,,,,
616,1,,,,,
587,1,,,,,
1294,1,,,,,
1283,1,,,,,
1216,1,,,,,
611,1,,,,,
615,1,,,,,
711,1,,,,,
1484,1,,,,,
818,1,,,,,
613,1,,,,,
1842,1,,,,,
1219,,,,,1,
638,,,,,1,
572,,,,,1,
1282,,,,,1,
1820,1,,,,,
2679,1,,,,,
583,1,,,,,
639,1,,,,,
599,1,,,,,
600,1,,,,,
1220,1,,,,,
1758,1,,,,,
549,,,,,1,
1252,1,,,,,
1821,1,,,,,
548,,,,,1,
585,,,,,1,
2174,,,,,1,
809,1,,,,,
710,1,,,,,
646,1,,,,,
1253,1,,,,,
588,1,,,,,
1829,1,,,,,
602,1,,,,,
727,1,1,,,,
1830,1,,,,,
1843,1,,,,,
1626,1,,,,1,
1224,1,1,,,,
1007,1,,,,,
619,1,,,,,
610,1,1,,,,
614,1,,,,,
612,1,,,,,
1221,1,,,,,
636,1,,,,,
586,1,,,,,
645,1,,,,,
632,1,,,,,
822,1,,,,,
582,1,,,,,
617,,,,,1,
2790,,1,,,,
2849,,1,,,,
2848,,1,,,,
2789,,1,,,,
2788,,1,,,,
519,,1,,,,
1630,,1,,,,
525,,1,,,,
524,,1,,,,
1480,,1,,,,
518,,1,,,,
517,,1,,,,
2350,,1,,,,
2349,,1,,,,
2887,,1,,,,
1132,1,,,,,
2676,1,,,,,
1511,1,,,,,
2744,1,,,,,
1509,1,,,,,
1508,1,,,,,
1510,1,,,,,
1755,1,,,,,
1756,1,,,,,
1616,1,,,,,
1620,1,1,,,,
1618,1,,,,,
1619,1,,,,,
2891,1,,,,,
2824,1,,,,,
2838,1,,,,,
2879,1,,,,,
1018,1,,,,,
947,1,,,,,
2825,1,,,,,
2889,1,,,,,
2839,1,,,,,
946,1,,,,,
948,1,,,,,
941,1,,,,,
1017,1,,,,,
1025,1,,,,,
1024,1,,,,,
2204,1,,,,,
2206,1,,,,,
2877,1,,,,,
1012,1,,,,,
1029,1,,,,,
2828,1,,,,,
2826,1,,,,,
2892,1,,,,,
944,1,,,,,
1021,1,,,,,
2878,1,,,,,
2893,1,,,1,,
2827,1,,,,1,
1016,1,,,,,
1009,1,,,,,
1033,1,,,,,
938,1,,,,,
2207,1,,,,,
2471,1,,,,,
2470,1,,,,,
937,1,,,,,
1027,1,,,,,
2203,1,,,,,
1010,1,,,,,
1031,1,,,,,
1020,1,,,,,
951,1,,,,,
1023,1,,,,,
940,1,,,,,
1030,1,,,,,
1013,1,,,,,
2211,1,,,,,
2209,1,,,,,
1014,1,,,,,
2894,,,,,,1
1032,1,,,,,
1019,1,,,,,
1026,1,,,,,
1028,1,,,,,
950,1,,,,,
1015,1,,,,,
1022,1,,,,,
939,1,,,,,
2205,1,,,,,
1011,1,,,,,
933,1,,,,,
949,1,,,,,
2210,1,,,,,
2890,1,,,,,
936,1,,,,,
2888,1,,,,,
2820,1,,,,,
2962,,1,,,,
2959,,1,,,,
2961,,1,,,,
2963,,1,,,,
2960,,1,,,,
1854,,1,,,,
796,,1,,,,
1435,,1,,,,
514,,1,,,1,
1436,,,,,1,
1546,1,,,,,
1560,1,,,,,
1627,1,,,,,
1547,1,,,,,
1628,1,,,,,
2281,1,,,,,
1629,1,,,,,
2280,1,,,,,
2364,1,,,,,
2355,1,,,,,
2361,1,,,,,
1972,1,,,,,
2374,1,,,,,
2377,1,,,,,
1982,1,,,,,
2387,1,,,,,
1969,1,,,,,
2372,1,,,,,
1943,1,,,,,
1946,1,,,,,
1960,1,,,,,
2362,1,,,,,
2391,1,,,,,
2371,1,,,,,
1962,1,,,,,
2368,1,,,,,
1956,1,,,,,
1944,1,,,,,
2354,1,,,,,
2375,1,,,,,
1983,1,,,,,
1968,1,,,,,
1981,1,,,,,
2353,1,,,,,
1949,1,,,,,
1964,1,,,,,
1979,1,,,,,
2366,1,,,,,
2380,1,,,,,
1625,1,,,,,
2360,1,,,,,
2386,1,,,,,
1954,1,,,,,
1948,1,,,,,
2382,1,,,,,
2373,1,,,,,
2381,1,,,,,
2378,1,,,,,
2379,1,,,,,
2370,1,,,,,
1955,1,,,,,
2367,1,,,,,
1971,1,,,,,
2363,1,,,,,
1970,1,,,,,
2390,1,,,,,
1965,1,,,,,
1953,1,,,,,
2369,1,,,,,
1966,1,,,,,
2389,1,,,,,
1945,1,,,,,
1947,1,,,,,
2356,1,,,,,
2376,1,,,,,
2388,1,,,,,
1961,1,,,,,
1951,1,,,,,
1957,1,,,,,
2365,1,,,,,
2329,,,,1,,
2947,,,,1,,
2330,,,,1,,
2840,,,,1,,
2948,,,,1,,
2841,,,,1,,
2331,,,,1,,
2326,,,,1,,
2327,,,,1,,
2328,,,,1,,
2332,,,,1,,
2949,,,,1,,
2169,,,,1,,
2166,,,,1,,
2946,,,,1,,
2167,,,,1,,
2170,,,,1,,
2168,,,,1,,
845,1,1,,,,
846,1,1,,,,
1213,1,1,,,,
479,1,1,,,,
2178,1,1,,,,
481,1,,,,,
1056,1,,,,,
480,1,1,,,,
841,1,,,,,
840,1,,,,,
691,1,,,,,
715,1,1,,,,
1457,1,1,,,,
842,1,,,,,
1470,1,,,,,
844,1,,,,,
774,1,1,,,,
716,1,1,,,,
847,1,1,,,,
1129,1,1,,,,
706,1,1,,,,
717,1,,,,,
1460,1,,,,,
1128,1,,,,,
1461,1,,,,,
773,1,,,,,
1057,1,1,,,,
843,1,,,,,
1828,1,,,,,
